model,holdout_regions,total_holdout_n,total_holdout_positives,mean_roc_auc,min_roc_auc,mean_average_precision,mean_recall,min_recall,mean_precision,mean_balanced_accuracy,mean_brier_score
Logistic Regression,4,10464,618,0.7520052929314762,0.5858103975535167,0.6994251436420841,0.9191010934819897,0.6792452830188679,0.5698896345883093,0.6165529670580405,0.27542062837384157
Extra Trees,4,10464,618,0.7505664798758274,0.6226299694189602,0.7391234841994105,0.7354049104024762,0.3761467889908257,0.6009353427241781,0.6818764869965023,0.18643646478836398
Hist Gradient Boosting,4,10464,618,0.7486057872444861,0.6425076452599388,0.7049906314043064,0.593623541509555,0.44036697247706424,0.5541085052860674,0.6628379926158358,0.20494767787113222
Random Forest,4,10464,618,0.7136197811668376,0.5241590214067279,0.6930888003120085,0.5744373902235897,0.2018348623853211,0.5632038617410958,0.6631422515530112,0.21099075247924776
