model,best_cv_roc_auc,best_params,accuracy,precision,recall,f1,roc_auc,confusion_matrix
Logistic Regression,0.9823130489484639,{'model__C': np.float64(1.0)},0.9518348623853211,0.5503597122302158,0.9935064935064936,0.7083333333333334,0.9858182029181217,"[[2337, 125], [1, 153]]"
